{
  "NIRSCoordinateSystem": "Other",
  "NIRSCoordinateUnits": "mm",
  "AnatomicalLandmarkCoordinates": {
    "Nz": [2.993,75.48999999999999,7.085],
    "Iz": [-5.3,-99.97,-25.51],
    "LPA": [-66.16,-21.15,-21.38],
    "RPA": [71.56999999999999,-18.48,-25.72]
  }
}